mean_fit_time,std_fit_time,mean_score_time,std_score_time,param_model__max_depth,param_model__max_features,param_model__min_samples_leaf,param_model__n_estimators,params,split0_test_score,split1_test_score,split2_test_score,split3_test_score,mean_test_score,std_test_score,rank_test_score,split0_train_score,split1_train_score,split2_train_score,split3_train_score,mean_train_score,std_train_score
44.63177537918091,47.27080864795898,3.200078845024109,2.8079269227884356,,sqrt,1,200,"{'model__max_depth': None, 'model__max_features': 'sqrt', 'model__min_samples_leaf': 1, 'model__n_estimators': 200}",0.49576597382602,0.5108193083040503,0.4561717352415027,0.48471495455797303,0.4868679929823865,0.019998346072133112,33,0.9992263056092844,0.9986532684139646,0.998947506906986,0.9982715782650967,0.9987746647988329,0.00035414931833262285
146.78397500514984,87.81025469771427,4.817935228347778,1.7507673103875248,,sqrt,1,400,"{'model__max_depth': None, 'model__max_features': 'sqrt', 'model__min_samples_leaf': 1, 'model__n_estimators': 400}",0.4979811574697174,0.5108815935079306,0.45623460935751065,0.4789198126205566,0.4860042932389288,0.02060794318647836,34,1.0,0.999377980510056,0.9997366688610928,0.9988650489109874,0.999494924570534,0.00042542941577846467
43.61635321378708,20.6343888373892,6.406516373157501,0.6521405830455933,,sqrt,3,200,"{'model__max_depth': None, 'model__max_features': 'sqrt', 'model__min_samples_leaf': 3, 'model__n_estimators': 200}",0.5278733654507914,0.547885676082233,0.46594551282051283,0.48568747067104645,0.5068480062561459,0.032584268863667464,1,0.7713052858683926,0.7697711952909903,0.7383512544802867,0.7398878063182758,0.7548288854894863,0.01572810034719596
67.75169134140015,24.16371615472092,5.494135677814484,1.6219661785889294,,sqrt,3,400,"{'model__max_depth': None, 'model__max_features': 'sqrt', 'model__min_samples_leaf': 3, 'model__n_estimators': 400}",0.5269666781174854,0.5456971314209473,0.4640796019900498,0.48564705882352943,0.5055976175880029,0.03235111347294625,2,0.7698412698412699,0.763435746218967,0.7436039020798823,0.7413131213702137,0.7545485098775833,0.012326915935069262
21.485239505767822,5.466728625501478,4.064143896102905,0.3181506302418403,,sqrt,8,200,"{'model__max_depth': None, 'model__max_features': 'sqrt', 'model__min_samples_leaf': 8, 'model__n_estimators': 200}",0.5270794668466341,0.5478358089762019,0.46435527853525516,0.4796621471438097,0.5047331753754752,0.033971034631229954,8,0.6135746606334842,0.6100073583517293,0.6073393386131432,0.5892120211681313,0.605033344691622,0.009398494239912784
25.03590339422226,6.026199330728999,2.7850212454795837,0.9029115689888835,,sqrt,8,400,"{'model__max_depth': None, 'model__max_features': 'sqrt', 'model__min_samples_leaf': 8, 'model__n_estimators': 400}",0.5278246205733558,0.5484489926447074,0.4644034917555771,0.47975215755698164,0.5051073156326554,0.03425734311517903,4,0.6096586782861293,0.6090481894407076,0.6070738773539353,0.5905661295818527,0.6040867186656562,0.007864355861510504
211.6975817680359,172.66091069753537,6.039341330528259,3.0581144091647032,,0.7,1,200,"{'model__max_depth': None, 'model__max_features': 0.7, 'model__min_samples_leaf': 1, 'model__n_estimators': 200}",0.4951474785918173,0.5048508145707487,0.4542656112576957,0.46560561100620446,0.47996737885661656,0.02071510339346665,36,0.9992263056092844,0.9991708126036484,0.9988161010260458,0.9987570926776547,0.9989925779791583,0.00020796251384300258
448.0413432121277,245.06108099086578,4.659266471862793,3.160575651572642,,0.7,1,400,"{'model__max_depth': None, 'model__max_features': 0.7, 'model__min_samples_leaf': 1, 'model__n_estimators': 400}",0.49707049707049705,0.5032163205293144,0.45600175554092603,0.46735024284943333,0.4809097039975427,0.019767531818533395,35,0.9998064640990904,0.999377980510056,0.9996708577447173,0.9991350416261218,0.9994975859949964,0.0002603712128243808
196.78807854652405,114.4900267688212,8.88758111000061,1.454623485621337,,0.7,3,200,"{'model__max_depth': None, 'model__max_features': 0.7, 'model__min_samples_leaf': 3, 'model__n_estimators': 200}",0.5089123317570026,0.5280447317840293,0.456738768718802,0.4795144157814871,0.4933025620103303,0.02728418602607665,29,0.9385290889132821,0.9363529871144084,0.9392526269974507,0.9367397831950736,0.9377186215550537,0.001207591818093208
337.46172392368317,164.84746995377182,5.128976345062256,2.052306146545876,,0.7,3,400,"{'model__max_depth': None, 'model__max_features': 0.7, 'model__min_samples_leaf': 3, 'model__n_estimators': 400}",0.5065693430656935,0.5267028541411312,0.45814244064972925,0.4757085020242915,0.4917807849702113,0.0265899833275567,32,0.939754623695294,0.9373595231115021,0.9406563297839218,0.9382678289238925,0.9390095763786526,0.0012786474644010924
145.42999577522278,68.75057574295415,4.675582945346832,1.7985911345624006,,0.7,8,200,"{'model__max_depth': None, 'model__max_features': 0.7, 'model__min_samples_leaf': 8, 'model__n_estimators': 200}",0.5211805555555555,0.5409121395036888,0.45582130855900377,0.4741973840665874,0.4980278469212088,0.03436711112310895,26,0.7803151000177022,0.7744832101767842,0.7846710923355462,0.7875091485728226,0.7817446377757138,0.004913390631652059
186.34122043848038,64.72297869054093,3.4621092677116394,1.8149790885518318,,0.7,8,400,"{'model__max_depth': None, 'model__max_features': 0.7, 'model__min_samples_leaf': 8, 'model__n_estimators': 400}",0.5184155663655317,0.5400702693659026,0.4572329523058731,0.4764608469363615,0.4980449087434172,0.03283512654063541,25,0.7801594331266608,0.7753690898897402,0.7868576242628476,0.7871623271945679,0.7823871186184541,0.004924513873199691
20.186728835105896,4.440713329591321,4.607355356216431,0.9627573386671614,8,sqrt,1,200,"{'model__max_depth': 8, 'model__max_features': 'sqrt', 'model__min_samples_leaf': 1, 'model__n_estimators': 200}",0.5313800566006326,0.5468898010735712,0.4621946490887941,0.4777415852334419,0.50455152299911,0.035444243312461286,13,0.5842255531763026,0.5628633720930233,0.5547541771847578,0.5346858324119033,0.5591322337164968,0.017750985823588743
20.49672043323517,6.869163336255223,2.7390336394309998,0.35888923967959496,8,sqrt,1,400,"{'model__max_depth': 8, 'model__max_features': 'sqrt', 'model__min_samples_leaf': 1, 'model__n_estimators': 400}",0.5307820299500832,0.5472292191435768,0.46210363495746326,0.47812906019922047,0.5045609860625859,0.0353885384853413,11,0.5873925501432665,0.5636478784040532,0.554595632349412,0.5344262295081967,0.5600155726012321,0.019018956182245132
9.649442553520203,0.8644154493660585,2.5584657192230225,0.38801541215556085,8,sqrt,3,200,"{'model__max_depth': 8, 'model__max_features': 'sqrt', 'model__min_samples_leaf': 3, 'model__n_estimators': 200}",0.5296167247386759,0.5488474204171241,0.4638355633120031,0.4794283239497618,0.5054320081043913,0.03491509112813957,3,0.5733618233618234,0.5589322752277032,0.5498554913294798,0.5307825086306099,0.5532330246374041,0.015436024387748513
9.381887078285217,1.3326460654314014,1.2421528100967407,0.5507153822330193,8,sqrt,3,400,"{'model__max_depth': 8, 'model__max_features': 'sqrt', 'model__min_samples_leaf': 3, 'model__n_estimators': 400}",0.5293532338308458,0.548878079397458,0.4626720961799496,0.4784585408096991,0.5048404875544881,0.03540608906141088,5,0.5755958733546781,0.5585666696677771,0.5506409099115364,0.5315956525920938,0.5540997763815214,0.015814824259987995
2.8755377531051636,0.3153404044745505,0.39020752906799316,0.23500145907878714,8,sqrt,8,200,"{'model__max_depth': 8, 'model__max_features': 'sqrt', 'model__min_samples_leaf': 8, 'model__n_estimators': 200}",0.5278650570530842,0.5493023984950619,0.4621946490887941,0.4791170742263579,0.5046197947158245,0.035309910207542795,10,0.5652562042492412,0.5528776978417266,0.5467634531165637,0.5286554180010515,0.5483881933021457,0.01319761006845905
4.725912153720856,1.2109014841394303,0.5459883809089661,0.15675191042707975,8,sqrt,8,400,"{'model__max_depth': 8, 'model__max_features': 'sqrt', 'model__min_samples_leaf': 8, 'model__n_estimators': 400}",0.5273779983457403,0.5477347546637404,0.462877030162413,0.48,0.5044974457929734,0.034370657584436415,14,0.5650319829424307,0.5535008976660682,0.5473167225682798,0.5285884881776929,0.548609522838618,0.013192193761813142
10.47226220369339,5.683626297072479,0.636772096157074,0.22085214983819235,8,0.7,1,200,"{'model__max_depth': 8, 'model__max_features': 0.7, 'model__min_samples_leaf': 1, 'model__n_estimators': 200}",0.5277968428277282,0.5460773120208775,0.4621344179740461,0.48107615139078885,0.5042711810533602,0.033965885651065335,15,0.632638126600805,0.593328335832084,0.5851063829787234,0.5574947151074185,0.5921418901297577,0.02688530230267276
28.738257110118866,15.935262067636213,1.794858157634735,0.6098484766952278,8,0.7,1,400,"{'model__max_depth': 8, 'model__max_features': 0.7, 'model__min_samples_leaf': 1, 'model__n_estimators': 400}",0.5278159340659341,0.5470502194051682,0.4647093136301769,0.47941778485330905,0.5047483129886471,0.03378728885942216,7,0.635582373377217,0.5930232558139535,0.5865084704299431,0.5577634238942852,0.5932193808788497,0.02782455212219208
17.810011088848114,6.4772914576309795,1.6857911944389343,0.4016456207370586,8,0.7,3,200,"{'model__max_depth': 8, 'model__max_features': 0.7, 'model__min_samples_leaf': 3, 'model__n_estimators': 200}",0.5273666092943201,0.5473204104903079,0.4624951418577536,0.47954545454545455,0.5041819040469591,0.034435454409044074,16,0.6235380116959064,0.5919131411456383,0.5831393211616224,0.5562060313868255,0.5886991263474981,0.024035341048497645
32.5773646235466,14.342624927809977,1.9272856712341309,0.32138800801801176,8,0.7,3,400,"{'model__max_depth': 8, 'model__max_features': 0.7, 'model__min_samples_leaf': 3, 'model__n_estimators': 400}",0.527582058772985,0.5473170731707317,0.46222567488832783,0.4787837531200363,0.5039771399880202,0.03468945653573079,20,0.624315443592552,0.590347923681257,0.5834557023984337,0.5557855312438399,0.5884761502290207,0.02440204884178613
18.163046836853027,6.1947954561822005,1.72492253780365,0.6180383465828083,8,0.7,8,200,"{'model__max_depth': 8, 'model__max_features': 0.7, 'model__min_samples_leaf': 8, 'model__n_estimators': 200}",0.5287671232876713,0.5482299447872686,0.4614194546509379,0.4798185941043084,0.5045587792075465,0.03523596425648131,12,0.6064586754241926,0.5855477855477855,0.5785527037736999,0.5531203931203931,0.5809198894665177,0.0190529694243012
31.674297332763672,14.600117910930045,2.0569210052490234,0.2076758988579585,8,0.7,8,400,"{'model__max_depth': 8, 'model__max_features': 0.7, 'model__min_samples_leaf': 8, 'model__n_estimators': 400}",0.527235354573484,0.5479051640142903,0.46138958776853106,0.47974654899298486,0.5040691638373225,0.03489771880444727,17,0.6085844748858448,0.5846555908157551,0.5784469096671949,0.5518261126718912,0.5808782720101715,0.020198027751532167
19.6164430975914,7.957413165221933,1.903155505657196,0.4610530501440401,16,sqrt,1,200,"{'model__max_depth': 16, 'model__max_features': 'sqrt', 'model__min_samples_leaf': 1, 'model__n_estimators': 200}",0.5200937105784826,0.542803865061875,0.46237206502107164,0.4901584253480557,0.5038570165023712,0.03036914489353059,21,0.8409703504043127,0.7604361064728415,0.7207331617600904,0.6941378961223044,0.7540693786898872,0.055442312518311714
31.498270332813263,12.607629149446986,1.657260775566101,0.5953531502218381,16,sqrt,1,400,"{'model__max_depth': 16, 'model__max_features': 'sqrt', 'model__min_samples_leaf': 1, 'model__n_estimators': 400}",0.5213304410701374,0.5391156462585034,0.4619380619380619,0.4846465127350631,0.5017576655004414,0.03023699987865279,22,0.8473663975394079,0.7624494625776551,0.7253592135114696,0.6978019188791309,0.7582442481269158,0.05633636039680768
12.048453748226166,4.308785834916874,1.4658949375152588,0.3869976508074461,16,sqrt,3,200,"{'model__max_depth': 16, 'model__max_features': 'sqrt', 'model__min_samples_leaf': 3, 'model__n_estimators': 200}",0.5286056868790682,0.5477518871020676,0.45934880093585495,0.4832244989867147,0.5047327184759263,0.035152777153952874,9,0.6929452937925953,0.6601794992914501,0.6354090354090354,0.614431773495871,0.6507414004972379,0.029256267492246635
16.927525222301483,6.448720625749809,0.9801806211471558,0.3466831339354141,16,sqrt,3,400,"{'model__max_depth': 16, 'model__max_features': 'sqrt', 'model__min_samples_leaf': 3, 'model__n_estimators': 400}",0.5301783264746228,0.5481967213114755,0.4583737628565884,0.48247795613836764,0.5048066916952636,0.03598959514074936,6,0.6933136857616504,0.660364873806598,0.6372686740365235,0.6146870379497289,0.6514085678886252,0.029088922628942502
6.338927388191223,1.0281361968096003,0.8679498434066772,0.513888834102325,16,sqrt,8,200,"{'model__max_depth': 16, 'model__max_features': 'sqrt', 'model__min_samples_leaf': 8, 'model__n_estimators': 200}",0.5289647019084615,0.5499281035309155,0.4612710063743481,0.4758771929824561,0.5040102511990453,0.036569405880406095,19,0.6100708962006908,0.5967682702901211,0.5880028735632183,0.5603631446783852,0.5888012961831038,0.018201885211532987
10.263559579849243,5.612317899665759,0.9852494597434998,0.45127888491504736,16,sqrt,8,400,"{'model__max_depth': 16, 'model__max_features': 'sqrt', 'model__min_samples_leaf': 8, 'model__n_estimators': 400}",0.5289757412398922,0.5493452571063558,0.4607993850883935,0.47692307692307695,0.5040108650894296,0.0363298514047932,18,0.6094202898550725,0.5952293577981651,0.5884042362232992,0.5626273406422819,0.5889203061297047,0.01696790962351247
78.21389549970627,64.70129395302085,3.177048981189728,2.71154668370862,16,0.7,1,200,"{'model__max_depth': 16, 'model__max_features': 0.7, 'model__min_samples_leaf': 1, 'model__n_estimators': 200}",0.502306698652888,0.5332405151409676,0.45704958171801674,0.47747969480679303,0.49251912257966635,0.02845303663140547,31,0.9592335149351869,0.8926962991971803,0.8389959432048681,0.8171511028653886,0.877019215050656,0.054851896346724494
233.07035195827484,133.5456025512195,4.633752942085266,3.2458454553023057,16,0.7,1,400,"{'model__max_depth': 16, 'model__max_features': 0.7, 'model__min_samples_leaf': 1, 'model__n_estimators': 400}",0.5023853211009174,0.5302633874062446,0.45855451204573294,0.48029739776951674,0.4928751545806028,0.026572681890776707,30,0.9590687194892978,0.8945106466106661,0.8411132194813409,0.8146696239748284,0.8773405523890334,0.05525932127490275
121.92710071802139,63.202275538174845,5.3000770807266235,2.102559592516302,16,0.7,3,200,"{'model__max_depth': 16, 'model__max_features': 0.7, 'model__min_samples_leaf': 3, 'model__n_estimators': 200}",0.5111231687466088,0.5355677154582763,0.4549287291708492,0.4783555018137848,0.4949937787973798,0.030775160514836954,28,0.886425586043976,0.8305457325814776,0.7860185417188674,0.7703538477136774,0.8183359270144996,0.04508873014709579
214.76274597644806,89.22222519696496,4.7145997285842896,3.598513749249327,16,0.7,3,400,"{'model__max_depth': 16, 'model__max_features': 0.7, 'model__min_samples_leaf': 3, 'model__n_estimators': 400}",0.5104844540853217,0.5353898886032562,0.45642155880585056,0.480616421863713,0.4957280808395354,0.029850353673957563,27,0.8875567665758402,0.8306751981663643,0.7873523714303569,0.7690747782002535,0.8186647785932036,0.04563439264367333
98.99018609523773,44.927461036895906,2.798804819583893,2.661969705073076,16,0.7,8,200,"{'model__max_depth': 16, 'model__max_features': 0.7, 'model__min_samples_leaf': 8, 'model__n_estimators': 200}",0.5179255134006265,0.540241448692153,0.456078431372549,0.47924528301886793,0.49837266912104916,0.03274892314269147,24,0.7461139896373057,0.7246925260170294,0.7027127232280789,0.695921321950976,0.7173601402083475,0.019714953024906157
123.4132508635521,36.40730962695569,1.0250869393348694,0.7118227479326448,16,0.7,8,400,"{'model__max_depth': 16, 'model__max_features': 0.7, 'model__min_samples_leaf': 8, 'model__n_estimators': 400}",0.5198329853862212,0.5376235964471259,0.45716526171338956,0.47983014861995754,0.49861299804167347,0.03179160632144927,23,0.7462365591397849,0.7229166666666667,0.7018733053980774,0.6934703446899786,0.716124218973627,0.020427780922938128
